azure-tower	photo-1551361415-69c87624334f
azure-tower-p	photo-1595039357995-905cad2933e3
azure-living	photo-1741764014072-68953e93cd48
azure-pool	photo-1757924330358-a48d65664dac
azure-bedroom	photo-1638284556849-1848ec7beb4a
azure-kitchen	photo-1622372738946-62e02505feb3
grand-tower	photo-1624204386084-dd8c05e32226
grand-tower-p	photo-1785461764615-14e8b71913dc
grand-living	photo-1757924461488-ef9ad0670978
grand-kitchen	photo-1632583824020-937ae9564495
grand-bedroom	photo-1616594039964-ae9021a400a0
parkside-block	photo-1738007709959-4b029d0c5708
parkside-p	photo-1564471925181-982d3a6c1a3f
parkside-living	photo-1600607687939-ce8a6c25118c
parkside-kitchen	photo-1602028915047-37269d1a73f7
parkside-bedroom	photo-1618221118493-9cfa1a1c00da
cove-aerial	photo-1776762893024-890728937eab
cove-villa	photo-1759372945658-1e9f56e751bd
cove-pool	photo-1721989519334-40923a0ee1c0
cove-garden	photo-1728048756938-de1ccee0ab15
cove-bedroom	photo-1710883734891-93709398496d
ocean-villa	photo-1613977257592-4871e5fcd7c4
ocean-pool	photo-1543489822-c49534f3271f
ocean-view	photo-1567627007677-b6502f1fcfd5
ocean-living	photo-1613545325278-f24b0cae1224
ocean-bath	photo-1564540583246-934409427776
palm-house	photo-1600585154340-be6161a56a0c
palm-garden	photo-1600607688969-a5bfcd646154
palm-living	photo-1618221195710-dd6b41faaea6
palm-bedroom	photo-1505693416388-ac5ce068fe85
atrium-facade	photo-1621831337128-35676ca30868
atrium-tower-p	photo-1576731753569-3e93a228048c
atrium-hall	photo-1602595688238-9fffe12d5af3
atrium-floor	photo-1497366216548-37526070297c
atrium-meeting	photo-1497366811353-6870744d04b2
land-palms	photo-1647879826700-cfc5fd9d9a31
land-aerial	photo-1516342311998-6ffb22861565
land-forest	photo-1655319446878-44e5c1e31551
riverside-tower	photo-1545324418-cc1a3fa10c00
riverside-lounge	photo-1600210492486-724fe5c67fb0
riverside-dining	photo-1601086540476-7d9fa9dd6023
riverside-bedroom	photo-1645237455598-e8f02d706a4e
linden-block	photo-1630241466166-22e43156d8c0
linden-living	photo-1522708323590-d24dbb6b0267
linden-bedroom	photo-1522771739844-6a9f6d5f14af
linden-kitchen	photo-1484154218962-a197022b5858
